{
  "Place du Capitole Toulouse": [
    43.6043987,
    1.4433516
  ],
  "Gare Matabiau Toulouse": [
    43.611549,
    1.4540714
  ],
  "Universit\u00e9 Paul Sabatier Toulouse": [
    43.5603716,
    1.46344
  ],
  "A\u00e9roport Toulouse-Blagnac": [
    43.6313538,
    1.3743666
  ],
  "Stade Ernest-Wallon Toulouse": [
    43.6218981,
    1.4153673
  ],
  "March\u00e9 Victor Hugo Toulouse": [
    43.6065101,
    1.4466498
  ],
  "Oncopole Toulouse": [
    43.5553181,
    1.431803
  ],
  "Z\u00e9nith Toulouse M\u00e9tropole": [
    43.5982186,
    1.4092514
  ],
  "Parc des Expositions Toulouse": [
    43.6655955,
    1.3592634
  ],
  "Lab\u00e8ge Innopole Toulouse": [
    43.5474999,
    1.5128101
  ],
  "Toulouse France": [
    43.6044638,
    1.4442433
  ]
}